"","item_id","language","form","form_type","item_kind","category","item_definition","english_gloss","uni_lemma","lexical_category","complexity_category","sense","alternative_forms","multiword","AoA"
"1","item_1","English (American)","WS","WS","word","sounds","baa baa","baa baa","baa baa","other",NA,NA,NA,"yes",17
"2","item_10","English (American)","WS","WS","word","sounds","vroom","vroom","vroom","other",NA,NA,NA,"no",18
"3","item_100","English (American)","WS","WS","word","food_drink","chicken","chicken","chicken","nouns",NA,"food",NA,"no",23
"4","item_101","English (American)","WS","WS","word","food_drink","chocolate","chocolate","chocolate","nouns",NA,NA,NA,"no",25
"5","item_102","English (American)","WS","WS","word","food_drink","coffee","coffee","coffee","nouns",NA,NA,NA,"no",26
"6","item_103","English (American)","WS","WS","word","food_drink","coke","coke","coke","nouns",NA,NA,NA,"no",30
"7","item_104","English (American)","WS","WS","word","food_drink","cookie","cookie","cookie","nouns",NA,NA,NA,"no",19
"8","item_105","English (American)","WS","WS","word","food_drink","corn","corn","corn","nouns",NA,NA,NA,"no",25
"9","item_106","English (American)","WS","WS","word","food_drink","cracker","cracker","cracker","nouns",NA,NA,NA,"no",21
"10","item_107","English (American)","WS","WS","word","food_drink","donut","donut","pastry","nouns",NA,NA,NA,"no",27
"11","item_108","English (American)","WS","WS","word","food_drink","drink","drink","drink","nouns",NA,"beverage",NA,"no",23
"12","item_109","English (American)","WS","WS","word","food_drink","egg","egg","egg","nouns",NA,NA,NA,"no",23
"13","item_11","English (American)","WS","WS","word","sounds","woof woof","woof woof","woof woof","other",NA,NA,NA,"yes",15
"14","item_110","English (American)","WS","WS","word","food_drink","fish","fish","fish","nouns",NA,"food",NA,"no",24
"15","item_111","English (American)","WS","WS","word","food_drink","food","food","food","nouns",NA,NA,NA,"no",24
"16","item_112","English (American)","WS","WS","word","food_drink","french fries","french fries","french fries","nouns",NA,NA,NA,"yes",24
"17","item_113","English (American)","WS","WS","word","food_drink","grapes","grapes","grapes","nouns",NA,NA,NA,"no",23
"18","item_114","English (American)","WS","WS","word","food_drink","green beans","green beans","green beans","nouns",NA,NA,NA,"yes",28
"19","item_115","English (American)","WS","WS","word","food_drink","gum","gum","gum","nouns",NA,NA,NA,"no",29
"20","item_116","English (American)","WS","WS","word","food_drink","hamburger","hamburger","hamburger","nouns",NA,NA,NA,"no",26
"21","item_117","English (American)","WS","WS","word","food_drink","ice","ice","ice","nouns",NA,NA,NA,"no",24
"22","item_118","English (American)","WS","WS","word","food_drink","ice cream","ice cream","ice cream","nouns",NA,NA,NA,"yes",23
"23","item_119","English (American)","WS","WS","word","food_drink","jello","jello","jello","nouns",NA,NA,NA,"no",29
"24","item_12","English (American)","WS","WS","word","sounds","yum yum","yum yum","yum yum","other",NA,NA,NA,"yes",17
"25","item_120","English (American)","WS","WS","word","food_drink","jelly","jelly","jelly","nouns",NA,NA,NA,"no",28
"26","item_121","English (American)","WS","WS","word","food_drink","juice","juice","juice","nouns",NA,NA,NA,"no",20
"27","item_122","English (American)","WS","WS","word","food_drink","lollipop","lollipop","lollipop","nouns",NA,NA,NA,"no",28
"28","item_123","English (American)","WS","WS","word","food_drink","meat","meat","meat","nouns",NA,NA,NA,"no",27
"29","item_124","English (American)","WS","WS","word","food_drink","melon","melon","melon","nouns",NA,NA,NA,"no",29
"30","item_125","English (American)","WS","WS","word","food_drink","milk","milk","milk","nouns",NA,NA,NA,"no",19
"31","item_126","English (American)","WS","WS","word","food_drink","muffin","muffin","muffin","nouns",NA,NA,NA,"no",27
"32","item_127","English (American)","WS","WS","word","food_drink","noodles","noodles","pasta","nouns",NA,NA,NA,"no",25
"33","item_128","English (American)","WS","WS","word","food_drink","nuts","nuts","nut","nouns",NA,NA,NA,"no",28
"34","item_129","English (American)","WS","WS","word","food_drink","orange","orange","orange","nouns",NA,"food",NA,"no",23
"35","item_13","English (American)","WS","WS","word","animals","alligator","alligator","alligator","nouns",NA,NA,NA,"no",26
"36","item_130","English (American)","WS","WS","word","food_drink","pancake","pancake","pancake","nouns",NA,NA,NA,"no",25
"37","item_131","English (American)","WS","WS","word","food_drink","peas","peas","peas","nouns",NA,NA,NA,"no",26
"38","item_132","English (American)","WS","WS","word","food_drink","peanut butter","peanut butter","peanut butter","nouns",NA,NA,NA,"yes",25
"39","item_133","English (American)","WS","WS","word","food_drink","pickle","pickle","pickle","nouns",NA,NA,NA,"no",27
"40","item_134","English (American)","WS","WS","word","food_drink","pizza","pizza","pizza","nouns",NA,NA,NA,"no",22
"41","item_135","English (American)","WS","WS","word","food_drink","popcorn","popcorn","popcorn","nouns",NA,NA,NA,"no",25
"42","item_136","English (American)","WS","WS","word","food_drink","popsicle","popsicle","popsicle","nouns",NA,NA,NA,"no",26
"43","item_137","English (American)","WS","WS","word","food_drink","potato chip","potato chip","chips","nouns",NA,NA,NA,"yes",25
"44","item_138","English (American)","WS","WS","word","food_drink","potato","potato","potato","nouns",NA,NA,NA,"no",26
"45","item_139","English (American)","WS","WS","word","food_drink","pretzel","pretzel","pretzel","nouns",NA,NA,NA,"no",27
"46","item_14","English (American)","WS","WS","word","animals","animal","animal","animal","nouns",NA,NA,NA,"no",25
"47","item_140","English (American)","WS","WS","word","food_drink","pudding","pudding","pudding","nouns",NA,NA,NA,"no",30
"48","item_141","English (American)","WS","WS","word","food_drink","pumpkin","pumpkin","pumpkin","nouns",NA,NA,NA,"no",26
"49","item_142","English (American)","WS","WS","word","food_drink","raisin","raisin","raisin","nouns",NA,NA,NA,"no",26
"50","item_143","English (American)","WS","WS","word","food_drink","salt","salt","salt","nouns",NA,NA,NA,"no",29
"51","item_144","English (American)","WS","WS","word","food_drink","sandwich","sandwich","sandwich","nouns",NA,NA,NA,"no",25
"52","item_145","English (American)","WS","WS","word","food_drink","sauce","sauce","sauce","nouns",NA,NA,NA,"no",28
"53","item_146","English (American)","WS","WS","word","food_drink","soda","soda","soda","nouns",NA,NA,"pop","no",28
"54","item_147","English (American)","WS","WS","word","food_drink","soup","soup","soup","nouns",NA,NA,NA,"no",26
"55","item_148","English (American)","WS","WS","word","food_drink","spaghetti","spaghetti","pasta","nouns",NA,NA,NA,"no",25
"56","item_149","English (American)","WS","WS","word","food_drink","strawberry","strawberry","strawberry","nouns",NA,NA,NA,"no",24
"57","item_15","English (American)","WS","WS","word","animals","ant","ant","ant","nouns",NA,NA,NA,"no",26
"58","item_150","English (American)","WS","WS","word","food_drink","toast","toast","toast","nouns",NA,NA,NA,"no",25
"59","item_151","English (American)","WS","WS","word","food_drink","tuna","tuna","tuna","nouns",NA,NA,NA,"no",31
"60","item_152","English (American)","WS","WS","word","food_drink","vanilla","vanilla","vanilla","nouns",NA,NA,NA,"no",31
"61","item_153","English (American)","WS","WS","word","food_drink","vitamins","vitamins","vitamin","nouns",NA,NA,NA,"no",28
"62","item_154","English (American)","WS","WS","word","food_drink","water","water","water","nouns",NA,"beverage",NA,"no",20
"63","item_155","English (American)","WS","WS","word","food_drink","yogurt","yogurt","yogurt","nouns",NA,NA,NA,"no",24
"64","item_156","English (American)","WS","WS","word","clothing","beads","beads","beads","nouns",NA,NA,NA,"no",31
"65","item_157","English (American)","WS","WS","word","clothing","belt","belt","belt","nouns",NA,NA,NA,"no",27
"66","item_158","English (American)","WS","WS","word","clothing","bib","bib","bib","nouns",NA,NA,NA,"no",25
"67","item_159","English (American)","WS","WS","word","clothing","boots","boots","boots","nouns",NA,NA,NA,"no",23
"68","item_16","English (American)","WS","WS","word","animals","bear","bear","bear","nouns",NA,NA,NA,"no",20
"69","item_160","English (American)","WS","WS","word","clothing","button","button","button","nouns",NA,NA,NA,"no",24
"70","item_161","English (American)","WS","WS","word","clothing","coat","coat","coat","nouns",NA,NA,NA,"no",24
"71","item_162","English (American)","WS","WS","word","clothing","diaper","diaper","diaper","nouns",NA,NA,NA,"no",20
"72","item_163","English (American)","WS","WS","word","clothing","dress","dress","dress","nouns",NA,"object",NA,"no",26
"73","item_164","English (American)","WS","WS","word","clothing","gloves","gloves","glove","nouns",NA,NA,NA,"no",27
"74","item_165","English (American)","WS","WS","word","clothing","hat","hat","hat","nouns",NA,NA,NA,"no",19
"75","item_166","English (American)","WS","WS","word","clothing","jacket","jacket","jacket","nouns",NA,NA,NA,"no",24
"76","item_167","English (American)","WS","WS","word","clothing","jeans","jeans","jeans","nouns",NA,NA,NA,"no",28
"77","item_168","English (American)","WS","WS","word","clothing","mittens","mittens","mitten","nouns",NA,NA,NA,"no",28
"78","item_169","English (American)","WS","WS","word","clothing","necklace","necklace","necklace","nouns",NA,NA,NA,"no",27
"79","item_17","English (American)","WS","WS","word","animals","bee","bee","bee","nouns",NA,NA,NA,"no",22
"80","item_170","English (American)","WS","WS","word","clothing","pajamas","pajamas","pajamas","nouns",NA,NA,NA,"no",24
"81","item_171","English (American)","WS","WS","word","clothing","pants","pants","pants","nouns",NA,NA,NA,"no",23
"82","item_172","English (American)","WS","WS","word","clothing","scarf","scarf","scarf","nouns",NA,NA,NA,"no",31
"83","item_173","English (American)","WS","WS","word","clothing","shirt","shirt","shirt","nouns",NA,NA,NA,"no",23
"84","item_174","English (American)","WS","WS","word","clothing","shoe","shoe","shoe","nouns",NA,NA,NA,"no",17
"85","item_175","English (American)","WS","WS","word","clothing","shorts","shorts","shorts","nouns",NA,NA,NA,"no",26
"86","item_176","English (American)","WS","WS","word","clothing","slipper","slipper","slipper","nouns",NA,NA,NA,"no",27
"87","item_177","English (American)","WS","WS","word","clothing","sneaker","sneaker","sneaker","nouns",NA,NA,NA,"no",30
"88","item_178","English (American)","WS","WS","word","clothing","snowsuit","snowsuit","snowsuit","nouns",NA,NA,NA,"no",33
"89","item_179","English (American)","WS","WS","word","clothing","sock","sock","sock","nouns",NA,NA,NA,"no",21
"90","item_18","English (American)","WS","WS","word","animals","bird","bird","bird","nouns",NA,NA,NA,"no",18
"91","item_180","English (American)","WS","WS","word","clothing","sweater","sweater","sweater","nouns",NA,NA,NA,"no",26
"92","item_181","English (American)","WS","WS","word","clothing","tights","tights","tights","nouns",NA,NA,NA,"no",32
"93","item_182","English (American)","WS","WS","word","clothing","underpants","underpants","underpants","nouns",NA,NA,NA,"no",28
"94","item_183","English (American)","WS","WS","word","clothing","zipper","zipper","zipper","nouns",NA,NA,NA,"no",26
"95","item_184","English (American)","WS","WS","word","body_parts","ankle","ankle","ankle","nouns",NA,NA,NA,"no",30
"96","item_185","English (American)","WS","WS","word","body_parts","arm","arm","arm","nouns",NA,NA,NA,"no",23
"97","item_186","English (American)","WS","WS","word","body_parts","belly button","belly button","belly button","nouns",NA,NA,NA,"yes",21
"98","item_187","English (American)","WS","WS","word","body_parts","buttocks","buttocks","butt","nouns",NA,NA,"bottom","no",23
"99","item_188","English (American)","WS","WS","word","body_parts","cheek","cheek","cheek","nouns",NA,NA,NA,"no",24
"100","item_189","English (American)","WS","WS","word","body_parts","chin","chin","chin","nouns",NA,NA,NA,"no",25
"101","item_19","English (American)","WS","WS","word","animals","bug","bug","bug","nouns",NA,NA,NA,"no",23
"102","item_190","English (American)","WS","WS","word","body_parts","ear","ear","ear","nouns",NA,NA,NA,"no",19
"103","item_191","English (American)","WS","WS","word","body_parts","eye","eye","eye","nouns",NA,NA,NA,"no",18
"104","item_192","English (American)","WS","WS","word","body_parts","face","face","face","nouns",NA,NA,NA,"no",24
"105","item_193","English (American)","WS","WS","word","body_parts","finger","finger","finger","nouns",NA,NA,NA,"no",23
"106","item_194","English (American)","WS","WS","word","body_parts","foot","foot","foot","nouns",NA,NA,NA,"no",22
"107","item_195","English (American)","WS","WS","word","body_parts","hair","hair","hair","nouns",NA,NA,NA,"no",21
"108","item_196","English (American)","WS","WS","word","body_parts","hand","hand","hand","nouns",NA,NA,NA,"no",22
"109","item_197","English (American)","WS","WS","word","body_parts","head","head","head","nouns",NA,NA,NA,"no",22
"110","item_198","English (American)","WS","WS","word","body_parts","knee","knee","knee","nouns",NA,NA,NA,"no",24
"111","item_199","English (American)","WS","WS","word","body_parts","leg","leg","leg","nouns",NA,NA,NA,"no",24
"112","item_2","English (American)","WS","WS","word","sounds","choo choo","choo choo","choo choo","other",NA,NA,NA,"yes",20
"113","item_20","English (American)","WS","WS","word","animals","bunny","bunny","bunny","nouns",NA,NA,NA,"no",22
"114","item_200","English (American)","WS","WS","word","body_parts","lips","lips","lip","nouns",NA,NA,NA,"no",26
"115","item_201","English (American)","WS","WS","word","body_parts","mouth","mouth","mouth","nouns",NA,NA,NA,"no",21
"116","item_202","English (American)","WS","WS","word","body_parts","nose","nose","nose","nouns",NA,NA,NA,"no",18
"117","item_203","English (American)","WS","WS","word","body_parts","owie","owie","owie","nouns",NA,NA,"boo boo","no",20
"118","item_204","English (American)","WS","WS","word","body_parts","penis","penis","penis","nouns",NA,NA,NA,"no",27
"119","item_205","English (American)","WS","WS","word","body_parts","shoulder","shoulder","shoulder","nouns",NA,NA,NA,"no",28
"120","item_206","English (American)","WS","WS","word","body_parts","toe","toe","toe","nouns",NA,NA,NA,"no",22
"121","item_207","English (American)","WS","WS","word","body_parts","tongue","tongue","tongue","nouns",NA,NA,NA,"no",24
"122","item_208","English (American)","WS","WS","word","body_parts","tooth","tooth","tooth","nouns",NA,NA,NA,"no",23
"123","item_209","English (American)","WS","WS","word","body_parts","tummy","tummy","tummy","nouns",NA,NA,NA,"no",22
"124","item_21","English (American)","WS","WS","word","animals","butterfly","butterfly","butterfly","nouns",NA,NA,NA,"no",24
"125","item_210","English (American)","WS","WS","word","body_parts","vagina","vagina","vagina","nouns",NA,NA,NA,"no",31
"126","item_211","English (American)","WS","WS","word","household","basket","basket","basket","nouns",NA,NA,NA,"no",26
"127","item_212","English (American)","WS","WS","word","household","blanket","blanket","blanket","nouns",NA,NA,NA,"no",22
"128","item_213","English (American)","WS","WS","word","household","bottle","bottle","bottle","nouns",NA,NA,NA,"no",20
"129","item_214","English (American)","WS","WS","word","household","bowl","bowl","bowl","nouns",NA,NA,NA,"no",23
"130","item_215","English (American)","WS","WS","word","household","box","box","box","nouns",NA,NA,NA,"no",23
"131","item_216","English (American)","WS","WS","word","household","broom","broom","broom","nouns",NA,NA,NA,"no",25
"132","item_217","English (American)","WS","WS","word","household","brush","brush","brush","nouns",NA,NA,NA,"no",23
"133","item_218","English (American)","WS","WS","word","household","bucket","bucket","bucket","nouns",NA,NA,NA,"no",27
"134","item_219","English (American)","WS","WS","word","household","camera","camera","camera","nouns",NA,NA,NA,"no",27
"135","item_22","English (American)","WS","WS","word","animals","cat","cat","cat","nouns",NA,NA,NA,"no",18
"136","item_220","English (American)","WS","WS","word","household","can","can","can","nouns",NA,"object",NA,"no",28
"137","item_221","English (American)","WS","WS","word","household","clock","clock","clock","nouns",NA,NA,NA,"no",25
"138","item_222","English (American)","WS","WS","word","household","comb","comb","comb","nouns",NA,NA,NA,"no",26
"139","item_223","English (American)","WS","WS","word","household","cup","cup","cup","nouns",NA,NA,NA,"no",21
"140","item_224","English (American)","WS","WS","word","household","dish","dish","dish","nouns",NA,NA,NA,"no",28
"141","item_225","English (American)","WS","WS","word","household","fork","fork","fork","nouns",NA,NA,NA,"no",23
"142","item_226","English (American)","WS","WS","word","household","garbage","garbage","trash","nouns",NA,NA,NA,"no",26
"143","item_227","English (American)","WS","WS","word","household","glass","glass","glass","nouns",NA,NA,NA,"no",27
"144","item_228","English (American)","WS","WS","word","household","glasses","glasses","glasses","nouns",NA,NA,NA,"no",25
"145","item_229","English (American)","WS","WS","word","household","hammer","hammer","hammer","nouns",NA,NA,NA,"no",27
"146","item_23","English (American)","WS","WS","word","animals","chicken","chicken","chicken","nouns",NA,"animal",NA,"no",23
"147","item_230","English (American)","WS","WS","word","household","jar","jar","jar","nouns",NA,NA,NA,"no",30
"148","item_231","English (American)","WS","WS","word","household","keys","keys","key","nouns",NA,NA,NA,"no",22
"149","item_232","English (American)","WS","WS","word","household","knife","knife","knife","nouns",NA,NA,NA,"no",26
"150","item_233","English (American)","WS","WS","word","household","lamp","lamp","lamp","nouns",NA,NA,NA,"no",29
"151","item_234","English (American)","WS","WS","word","household","light","light","light","nouns",NA,NA,NA,"no",22
"152","item_235","English (American)","WS","WS","word","household","medicine","medicine","medicine","nouns",NA,NA,NA,"no",26
"153","item_236","English (American)","WS","WS","word","household","money","money","money","nouns",NA,NA,NA,"no",25
"154","item_237","English (American)","WS","WS","word","household","mop","mop","mop","nouns",NA,NA,NA,"no",30
"155","item_238","English (American)","WS","WS","word","household","nail","nail","nail","nouns",NA,NA,NA,"no",29
"156","item_239","English (American)","WS","WS","word","household","napkin","napkin","napkin","nouns",NA,NA,NA,"no",26
"157","item_24","English (American)","WS","WS","word","animals","cow","cow","cow","nouns",NA,NA,NA,"no",21
"158","item_240","English (American)","WS","WS","word","household","paper","paper","paper","nouns",NA,NA,NA,"no",24
"159","item_241","English (American)","WS","WS","word","household","penny","penny","penny","nouns",NA,NA,NA,"no",28
"160","item_242","English (American)","WS","WS","word","household","picture","picture","picture","nouns",NA,NA,NA,"no",25
"161","item_243","English (American)","WS","WS","word","household","pillow","pillow","pillow","nouns",NA,NA,NA,"no",23
"162","item_244","English (American)","WS","WS","word","household","plant","plant","plant","nouns",NA,NA,NA,"no",27
"163","item_245","English (American)","WS","WS","word","household","plate","plate","plate","nouns",NA,NA,NA,"no",25
"164","item_246","English (American)","WS","WS","word","household","purse","purse","purse","nouns",NA,NA,NA,"no",26
"165","item_247","English (American)","WS","WS","word","household","radio","radio","radio","nouns",NA,NA,NA,"no",28
"166","item_248","English (American)","WS","WS","word","household","scissors","scissors","scissors","nouns",NA,NA,NA,"no",26
"167","item_249","English (American)","WS","WS","word","household","soap","soap","soap","nouns",NA,NA,NA,"no",24
"168","item_25","English (American)","WS","WS","word","animals","deer","deer","deer","nouns",NA,NA,NA,"no",27
"169","item_250","English (American)","WS","WS","word","household","spoon","spoon","spoon","nouns",NA,NA,NA,"no",21
"170","item_251","English (American)","WS","WS","word","household","tape","tape","tape","nouns",NA,NA,NA,"no",27
"171","item_252","English (American)","WS","WS","word","household","telephone","telephone","telephone","nouns",NA,NA,NA,"no",22
"172","item_253","English (American)","WS","WS","word","household","tissue","tissue","tissue","nouns",NA,NA,"kleenex","no",26
"173","item_254","English (American)","WS","WS","word","household","toothbrush","toothbrush","toothbrush","nouns",NA,NA,NA,"no",23
"174","item_255","English (American)","WS","WS","word","household","towel","towel","towel","nouns",NA,NA,NA,"no",24
"175","item_256","English (American)","WS","WS","word","household","trash","trash","trash","nouns",NA,NA,NA,"no",25
"176","item_257","English (American)","WS","WS","word","household","tray","tray","tray","nouns",NA,NA,NA,"no",32
"177","item_258","English (American)","WS","WS","word","household","vacuum","vacuum","vacuum","nouns",NA,NA,NA,"no",25
"178","item_259","English (American)","WS","WS","word","household","walker","walker","walker","nouns",NA,NA,NA,"no",34
"179","item_26","English (American)","WS","WS","word","animals","dog","dog","dog","nouns",NA,NA,NA,"no",14
"180","item_260","English (American)","WS","WS","word","household","watch","watch","watch","nouns",NA,"object",NA,"no",26
"181","item_261","English (American)","WS","WS","word","furniture_rooms","basement","basement","basement","nouns",NA,NA,NA,"no",32
"182","item_262","English (American)","WS","WS","word","furniture_rooms","bathroom","bathroom","bathroom","nouns",NA,NA,NA,"no",24
"183","item_263","English (American)","WS","WS","word","furniture_rooms","bathtub","bathtub","bathtub","nouns",NA,NA,NA,"no",23
"184","item_264","English (American)","WS","WS","word","furniture_rooms","bed","bed","bed","nouns",NA,NA,NA,"no",21
"185","item_265","English (American)","WS","WS","word","furniture_rooms","bedroom","bedroom","bedroom","nouns",NA,NA,NA,"no",26
"186","item_266","English (American)","WS","WS","word","furniture_rooms","bench","bench","bench","nouns",NA,NA,NA,"no",31
"187","item_267","English (American)","WS","WS","word","furniture_rooms","chair","chair","chair","nouns",NA,NA,NA,"no",22
"188","item_268","English (American)","WS","WS","word","furniture_rooms","closet","closet","closet","nouns",NA,NA,NA,"no",27
"189","item_269","English (American)","WS","WS","word","furniture_rooms","couch","couch","couch","nouns",NA,NA,NA,"no",25
"190","item_27","English (American)","WS","WS","word","animals","donkey","donkey","donkey","nouns",NA,NA,NA,"no",29
"191","item_270","English (American)","WS","WS","word","furniture_rooms","crib","crib","crib","nouns",NA,NA,NA,"no",26
"192","item_271","English (American)","WS","WS","word","furniture_rooms","door","door","door","nouns",NA,NA,NA,"no",21
"193","item_272","English (American)","WS","WS","word","furniture_rooms","drawer","drawer","drawer","nouns",NA,NA,NA,"no",28
"194","item_273","English (American)","WS","WS","word","furniture_rooms","dryer","dryer","dryer","nouns",NA,NA,NA,"no",28
"195","item_274","English (American)","WS","WS","word","furniture_rooms","garage","garage","garage","nouns",NA,NA,NA,"no",27
"196","item_275","English (American)","WS","WS","word","furniture_rooms","high chair","high chair","high chair","nouns",NA,NA,NA,"yes",27
"197","item_276","English (American)","WS","WS","word","furniture_rooms","kitchen","kitchen","kitchen","nouns",NA,NA,NA,"no",25
"198","item_277","English (American)","WS","WS","word","furniture_rooms","living room","living room","living room","nouns",NA,NA,NA,"yes",28
"199","item_278","English (American)","WS","WS","word","furniture_rooms","oven","oven","oven","nouns",NA,NA,NA,"no",27
"200","item_279","English (American)","WS","WS","word","furniture_rooms","play pen","play pen","play pen","nouns",NA,NA,NA,"yes",32
"201","item_28","English (American)","WS","WS","word","animals","duck","duck","duck","nouns",NA,NA,NA,"no",18
"202","item_280","English (American)","WS","WS","word","furniture_rooms","porch","porch","porch","nouns",NA,NA,NA,"no",31
"203","item_281","English (American)","WS","WS","word","furniture_rooms","potty","potty","potty","nouns",NA,NA,NA,"no",22
"204","item_282","English (American)","WS","WS","word","furniture_rooms","rocking chair","rocking chair","rocking chair","nouns",NA,NA,NA,"yes",28
"205","item_283","English (American)","WS","WS","word","furniture_rooms","refrigerator","refrigerator","refrigerator","nouns",NA,NA,NA,"no",26
"206","item_284","English (American)","WS","WS","word","furniture_rooms","room","room","room","nouns",NA,NA,NA,"no",25
"207","item_285","English (American)","WS","WS","word","furniture_rooms","shower","shower","shower","nouns",NA,NA,NA,"no",25
"208","item_286","English (American)","WS","WS","word","furniture_rooms","sink","sink","sink","nouns",NA,NA,NA,"no",26
"209","item_287","English (American)","WS","WS","word","furniture_rooms","sofa","sofa","couch","nouns",NA,NA,NA,"no",30
"210","item_288","English (American)","WS","WS","word","furniture_rooms","stairs","stairs","stairs","nouns",NA,NA,NA,"no",25
"211","item_289","English (American)","WS","WS","word","furniture_rooms","stove","stove","stove","nouns",NA,NA,NA,"no",28
"212","item_29","English (American)","WS","WS","word","animals","elephant","elephant","elephant","nouns",NA,NA,NA,"no",23
"213","item_290","English (American)","WS","WS","word","furniture_rooms","table","table","table","nouns",NA,NA,NA,"no",24
"214","item_291","English (American)","WS","WS","word","furniture_rooms","TV","TV","tv","nouns",NA,NA,NA,"no",23
"215","item_292","English (American)","WS","WS","word","furniture_rooms","window","window","window","nouns",NA,NA,NA,"no",25
"216","item_293","English (American)","WS","WS","word","furniture_rooms","washing machine","washing machine","washing machine","nouns",NA,NA,NA,"yes",28
"217","item_294","English (American)","WS","WS","word","outside","backyard","backyard","yard","nouns",NA,NA,NA,"no",28
"218","item_295","English (American)","WS","WS","word","outside","cloud","cloud","cloud","nouns",NA,NA,NA,"no",26
"219","item_296","English (American)","WS","WS","word","outside","flag","flag","flag","nouns",NA,NA,NA,"no",27
"220","item_297","English (American)","WS","WS","word","outside","flower","flower","flower","nouns",NA,NA,NA,"no",22
"221","item_298","English (American)","WS","WS","word","outside","garden","garden","garden","nouns",NA,NA,NA,"no",29
"222","item_299","English (American)","WS","WS","word","outside","grass","grass","grass","nouns",NA,NA,NA,"no",24
"223","item_3","English (American)","WS","WS","word","sounds","cockadoodledoo","cockadoodledoo","cockadoodledoo","other",NA,NA,NA,"no",26
"224","item_30","English (American)","WS","WS","word","animals","fish","fish","fish","nouns",NA,"animal",NA,"no",20
"225","item_300","English (American)","WS","WS","word","outside","hose","hose","hose","nouns",NA,NA,NA,"no",28
"226","item_301","English (American)","WS","WS","word","outside","ladder","ladder","ladder","nouns",NA,NA,NA,"no",28
"227","item_302","English (American)","WS","WS","word","outside","lawn mower","lawn mower","lawn mower","nouns",NA,NA,NA,"yes",28
"228","item_303","English (American)","WS","WS","word","outside","moon","moon","moon","nouns",NA,NA,NA,"no",22
"229","item_304","English (American)","WS","WS","word","outside","pool","pool","pool","nouns",NA,NA,NA,"no",25
"230","item_305","English (American)","WS","WS","word","outside","rain","rain","rain","nouns",NA,NA,NA,"no",23
"231","item_306","English (American)","WS","WS","word","outside","rock","rock","rock","nouns",NA,NA,NA,"no",23
"232","item_307","English (American)","WS","WS","word","outside","roof","roof","roof","nouns",NA,NA,NA,"no",29
"233","item_308","English (American)","WS","WS","word","outside","sandbox","sandbox","sandbox","nouns",NA,NA,NA,"no",28
"234","item_309","English (American)","WS","WS","word","outside","shovel","shovel","shovel","nouns",NA,NA,NA,"no",27
"235","item_31","English (American)","WS","WS","word","animals","frog","frog","frog","nouns",NA,NA,NA,"no",23
"236","item_310","English (American)","WS","WS","word","outside","sidewalk","sidewalk","sidewalk","nouns",NA,NA,NA,"no",28
"237","item_311","English (American)","WS","WS","word","outside","sky","sky","sky","nouns",NA,NA,NA,"no",25
"238","item_312","English (American)","WS","WS","word","outside","slide","slide","slide","nouns",NA,"object",NA,"no",24
"239","item_313","English (American)","WS","WS","word","outside","snow","snow","snow","nouns",NA,NA,NA,"no",25
"240","item_314","English (American)","WS","WS","word","outside","snowman","snowman","snowman","nouns",NA,NA,NA,"no",28
"241","item_315","English (American)","WS","WS","word","outside","sprinkler","sprinkler","sprinkler","nouns",NA,NA,NA,"no",29
"242","item_316","English (American)","WS","WS","word","outside","star","star","star","nouns",NA,NA,NA,"no",23
"243","item_317","English (American)","WS","WS","word","outside","stick","stick","stick","nouns",NA,NA,NA,"no",25
"244","item_318","English (American)","WS","WS","word","outside","stone","stone","stone","nouns",NA,NA,NA,"no",30
"245","item_319","English (American)","WS","WS","word","outside","street","street","street","nouns",NA,NA,NA,"no",26
"246","item_32","English (American)","WS","WS","word","animals","giraffe","giraffe","giraffe","nouns",NA,NA,NA,"no",25
"247","item_320","English (American)","WS","WS","word","outside","sun","sun","sun","nouns",NA,NA,NA,"no",23
"248","item_321","English (American)","WS","WS","word","outside","swing","swing","swing","nouns",NA,"object",NA,"no",23
"249","item_322","English (American)","WS","WS","word","outside","tree","tree","tree","nouns",NA,NA,NA,"no",21
"250","item_323","English (American)","WS","WS","word","outside","water","water","water","nouns",NA,"not beverage",NA,"no",21
"251","item_324","English (American)","WS","WS","word","outside","wind","wind","wind","nouns",NA,NA,NA,"no",27
"252","item_325","English (American)","WS","WS","word","places","beach","beach","beach","other",NA,NA,NA,"no",27
"253","item_326","English (American)","WS","WS","word","places","camping","camping","camping","other",NA,NA,NA,"no",32
"254","item_327","English (American)","WS","WS","word","places","church","church","church","other",NA,NA,NA,"no",29
"255","item_328","English (American)","WS","WS","word","places","circus","circus","circus","other",NA,NA,NA,"no",31
"256","item_329","English (American)","WS","WS","word","places","country","country","country","other",NA,NA,NA,"no",35
"257","item_33","English (American)","WS","WS","word","animals","goose","goose","goose","nouns",NA,NA,NA,"no",28
"258","item_330","English (American)","WS","WS","word","places","downtown","downtown","downtown","other",NA,NA,NA,"no",33
"259","item_331","English (American)","WS","WS","word","places","farm","farm","farm","other",NA,NA,NA,"no",28
"260","item_332","English (American)","WS","WS","word","places","gas station","gas station","gas station","other",NA,NA,NA,"yes",29
"261","item_333","English (American)","WS","WS","word","places","home","home","home","other",NA,NA,NA,"no",23
"262","item_334","English (American)","WS","WS","word","places","house","house","house","other",NA,NA,NA,"no",24
"263","item_335","English (American)","WS","WS","word","places","movie","movie","movie","other",NA,NA,NA,"no",28
"264","item_336","English (American)","WS","WS","word","places","outside","outside","outside","other",NA,NA,NA,"no",21
"265","item_337","English (American)","WS","WS","word","places","park","park","park","other",NA,NA,NA,"no",24
"266","item_338","English (American)","WS","WS","word","places","party","party","party","other",NA,NA,NA,"no",27
"267","item_339","English (American)","WS","WS","word","places","picnic","picnic","picnic","other",NA,NA,NA,"no",29
"268","item_34","English (American)","WS","WS","word","animals","hen","hen","hen","nouns",NA,NA,NA,"no",31
"269","item_340","English (American)","WS","WS","word","places","playground","playground","playground","other",NA,NA,NA,"no",28
"270","item_341","English (American)","WS","WS","word","places","school","school","school","other",NA,NA,NA,"no",25
"271","item_342","English (American)","WS","WS","word","places","store","store","store","other",NA,NA,NA,"no",25
"272","item_343","English (American)","WS","WS","word","places","woods","woods","forest","other",NA,NA,NA,"no",32
"273","item_344","English (American)","WS","WS","word","places","work","work","work","other",NA,"place",NA,"no",25
"274","item_345","English (American)","WS","WS","word","places","yard","yard","yard","other",NA,NA,NA,"no",28
"275","item_346","English (American)","WS","WS","word","places","zoo","zoo","zoo","other",NA,NA,NA,"no",27
"276","item_347","English (American)","WS","WS","word","people","aunt","aunt","aunt","other",NA,NA,NA,"no",26
"277","item_348","English (American)","WS","WS","word","people","baby","baby","baby","other",NA,NA,NA,"no",16
"278","item_349","English (American)","WS","WS","word","people","babysitter","babysitter","babysitter","other",NA,NA,NA,"no",32
"279","item_35","English (American)","WS","WS","word","animals","horse","horse","horse","nouns",NA,NA,NA,"no",22
"280","item_351","English (American)","WS","WS","word","people","boy","boy","boy","other",NA,NA,NA,"no",24
"281","item_352","English (American)","WS","WS","word","people","brother","brother","brother","other",NA,NA,NA,"no",27
"282","item_353","English (American)","WS","WS","word","people","child","child","child","other",NA,NA,NA,"no",31
"283","item_354","English (American)","WS","WS","word","people","clown","clown","clown","other",NA,NA,NA,"no",28
"284","item_355","English (American)","WS","WS","word","people","cowboy","cowboy","cowboy","other",NA,NA,NA,"no",31
"285","item_356","English (American)","WS","WS","word","people","daddy","daddy","daddy","other",NA,NA,NA,"no",NA
"286","item_357","English (American)","WS","WS","word","people","doctor","doctor","doctor","other",NA,NA,NA,"no",26
"287","item_358","English (American)","WS","WS","word","people","fireman","fireman","firefighter","other",NA,NA,NA,"no",28
"288","item_359","English (American)","WS","WS","word","people","friend","friend","friend","other",NA,NA,NA,"no",27
"289","item_36","English (American)","WS","WS","word","animals","kitty","kitty","kitty","nouns",NA,NA,NA,"no",19
"290","item_360","English (American)","WS","WS","word","people","girl","girl","girl","other",NA,NA,NA,"no",25
"291","item_361","English (American)","WS","WS","word","people","grandma","grandma","grandma","other",NA,NA,NA,"no",18
"292","item_362","English (American)","WS","WS","word","people","grandpa","grandpa","grandpa","other",NA,NA,NA,"no",19
"293","item_363","English (American)","WS","WS","word","people","lady","lady","lady","other",NA,NA,NA,"no",29
"294","item_364","English (American)","WS","WS","word","people","mailman","mailman","mailman","other",NA,NA,NA,"no",29
"295","item_365","English (American)","WS","WS","word","people","man","man","man","other",NA,NA,NA,"no",26
"296","item_366","English (American)","WS","WS","word","people","mommy","mommy","mommy","other",NA,NA,NA,"no",NA
"297","item_367","English (American)","WS","WS","word","people","nurse","nurse","nurse","other",NA,NA,NA,"no",32
"298","item_369","English (American)","WS","WS","word","people","people","people","people","other",NA,NA,NA,"no",28
"299","item_37","English (American)","WS","WS","word","animals","lamb","lamb","lamb","nouns",NA,NA,NA,"no",28
"300","item_370","English (American)","WS","WS","word","people","person","person","person","other",NA,NA,NA,"no",32
"301","item_372","English (American)","WS","WS","word","people","police","police","police","other",NA,NA,NA,"no",29
"302","item_373","English (American)","WS","WS","word","people","sister","sister","sister","other",NA,NA,NA,"no",28
"303","item_374","English (American)","WS","WS","word","people","teacher","teacher","teacher","other",NA,NA,NA,"no",28
"304","item_375","English (American)","WS","WS","word","people","uncle","uncle","uncle","other",NA,NA,NA,"no",27
"305","item_376","English (American)","WS","WS","word","games_routines","bath","bath","bath","other",NA,NA,NA,"no",19
"306","item_377","English (American)","WS","WS","word","games_routines","breakfast","breakfast","breakfast","other",NA,NA,NA,"no",25
"307","item_378","English (American)","WS","WS","word","games_routines","bye","bye","bye","other",NA,NA,NA,"no",12
"308","item_379","English (American)","WS","WS","word","games_routines","call","call","call","other",NA,"on phone",NA,"no",24
"309","item_38","English (American)","WS","WS","word","animals","lion","lion","lion","nouns",NA,NA,NA,"no",24
"310","item_380","English (American)","WS","WS","word","games_routines","dinner","dinner","dinner","other",NA,NA,NA,"no",25
"311","item_381","English (American)","WS","WS","word","games_routines","give me five","give me five","give me five","other",NA,NA,NA,"yes",25
"312","item_382","English (American)","WS","WS","word","games_routines","gonna get you","gonna get you","gonna get you","other",NA,NA,NA,"yes",25
"313","item_383","English (American)","WS","WS","word","games_routines","go potty","go potty","go potty","other",NA,NA,NA,"yes",24
"314","item_384","English (American)","WS","WS","word","games_routines","hello","hello","hello","other",NA,NA,NA,"no",19
"315","item_385","English (American)","WS","WS","word","games_routines","hi","hi","hi","other",NA,NA,NA,"no",15
"316","item_386","English (American)","WS","WS","word","games_routines","lunch","lunch","lunch","other",NA,NA,NA,"no",25
"317","item_387","English (American)","WS","WS","word","games_routines","nap","nap","nap","other",NA,NA,NA,"no",23
"318","item_388","English (American)","WS","WS","word","games_routines","night night","good night","good night","other",NA,NA,NA,"yes",19
"319","item_389","English (American)","WS","WS","word","games_routines","no","no","no","other",NA,NA,NA,"no",14
"320","item_39","English (American)","WS","WS","word","animals","monkey","monkey","monkey","nouns",NA,NA,NA,"no",22
"321","item_390","English (American)","WS","WS","word","games_routines","pattycake","pattycake","pattycake","other",NA,NA,NA,"no",27
"322","item_391","English (American)","WS","WS","word","games_routines","peekaboo","peekaboo","peekaboo","other",NA,NA,NA,"no",20
"323","item_392","English (American)","WS","WS","word","games_routines","please","please","please","other",NA,NA,NA,"no",20
"324","item_393","English (American)","WS","WS","word","games_routines","shh","shh","shh","other",NA,NA,"shush/hush","no",19
"325","item_394","English (American)","WS","WS","word","games_routines","shopping","shopping","shopping","other",NA,NA,NA,"no",27
"326","item_395","English (American)","WS","WS","word","games_routines","snack","snack","snack","other",NA,NA,NA,"no",24
"327","item_396","English (American)","WS","WS","word","games_routines","so big","so big","so big","other",NA,NA,NA,"yes",27
"328","item_397","English (American)","WS","WS","word","games_routines","thank you","thank you","thank you","other",NA,NA,NA,"yes",19
"329","item_398","English (American)","WS","WS","word","games_routines","this little piggy","this little piggy","this little piggy","other",NA,NA,NA,"yes",28
"330","item_399","English (American)","WS","WS","word","games_routines","turn around","turn around","turn around","other",NA,NA,NA,"yes",27
"331","item_4","English (American)","WS","WS","word","sounds","grrr","grrr","grrr","other",NA,NA,NA,"no",16
"332","item_40","English (American)","WS","WS","word","animals","moose","moose","moose","nouns",NA,NA,NA,"no",29
"333","item_400","English (American)","WS","WS","word","games_routines","yes","yes","yes","other",NA,NA,NA,"no",19
"334","item_401","English (American)","WS","WS","word","action_words","bite","bite","bite","predicates",NA,NA,NA,"no",23
"335","item_402","English (American)","WS","WS","word","action_words","blow","blow","blow","predicates",NA,NA,NA,"no",25
"336","item_403","English (American)","WS","WS","word","action_words","break","break","break","predicates",NA,NA,NA,"no",26
"337","item_404","English (American)","WS","WS","word","action_words","bring","bring","bring","predicates",NA,NA,NA,"no",27
"338","item_405","English (American)","WS","WS","word","action_words","build","build","build","predicates",NA,NA,NA,"no",28
"339","item_406","English (American)","WS","WS","word","action_words","bump","bump","bump","predicates",NA,NA,NA,"no",27
"340","item_407","English (American)","WS","WS","word","action_words","buy","buy","buy","predicates",NA,NA,NA,"no",28
"341","item_408","English (American)","WS","WS","word","action_words","carry","carry","carry","predicates",NA,NA,NA,"no",26
"342","item_409","English (American)","WS","WS","word","action_words","catch","catch","catch","predicates",NA,NA,NA,"no",26
"343","item_41","English (American)","WS","WS","word","animals","mouse","mouse","mouse","nouns",NA,NA,NA,"no",24
"344","item_410","English (American)","WS","WS","word","action_words","chase","chase","chase","predicates",NA,NA,NA,"no",28
"345","item_411","English (American)","WS","WS","word","action_words","clap","clap","clap","predicates",NA,NA,NA,"no",24
"346","item_412","English (American)","WS","WS","word","action_words","clean","clean","clean","predicates",NA,"action",NA,"no",25
"347","item_413","English (American)","WS","WS","word","action_words","climb","climb","climb","predicates",NA,NA,NA,"no",26
"348","item_414","English (American)","WS","WS","word","action_words","close","close","close","predicates",NA,NA,NA,"no",25
"349","item_415","English (American)","WS","WS","word","action_words","cook","cook","cook","predicates",NA,NA,NA,"no",26
"350","item_416","English (American)","WS","WS","word","action_words","cover","cover","cover","predicates",NA,NA,NA,"no",28
"351","item_417","English (American)","WS","WS","word","action_words","cry","cry","cry","predicates",NA,NA,NA,"no",24
"352","item_418","English (American)","WS","WS","word","action_words","cut","cut","cut","predicates",NA,NA,NA,"no",27
"353","item_419","English (American)","WS","WS","word","action_words","dance","dance","dance","predicates",NA,NA,NA,"no",24
"354","item_42","English (American)","WS","WS","word","animals","owl","owl","owl","nouns",NA,NA,NA,"no",24
"355","item_420","English (American)","WS","WS","word","action_words","draw","draw","draw","predicates",NA,NA,NA,"no",26
"356","item_421","English (American)","WS","WS","word","action_words","drink","drink","drink","predicates",NA,"action",NA,"no",23
"357","item_422","English (American)","WS","WS","word","action_words","drive","drive","drive","predicates",NA,NA,NA,"no",26
"358","item_423","English (American)","WS","WS","word","action_words","drop","drop","drop","predicates",NA,NA,NA,"no",27
"359","item_424","English (American)","WS","WS","word","action_words","dry","dry","dry","predicates",NA,"action",NA,"no",27
"360","item_425","English (American)","WS","WS","word","action_words","dump","dump","dump","predicates",NA,NA,NA,"no",30
"361","item_426","English (American)","WS","WS","word","action_words","eat","eat","eat","predicates",NA,NA,NA,"no",21
"362","item_427","English (American)","WS","WS","word","action_words","fall","fall","fall","predicates",NA,NA,NA,"no",24
"363","item_428","English (American)","WS","WS","word","action_words","feed","feed","feed","predicates",NA,NA,NA,"no",27
"364","item_429","English (American)","WS","WS","word","action_words","find","find","find","predicates",NA,NA,NA,"no",26
"365","item_43","English (American)","WS","WS","word","animals","penguin","penguin","penguin","nouns",NA,NA,NA,"no",27
"366","item_430","English (American)","WS","WS","word","action_words","finish","finish","finish","predicates",NA,NA,NA,"no",28
"367","item_431","English (American)","WS","WS","word","action_words","fit","fit","fit","predicates",NA,NA,NA,"no",29
"368","item_432","English (American)","WS","WS","word","action_words","fix","fix","fix","predicates",NA,NA,NA,"no",26
"369","item_433","English (American)","WS","WS","word","action_words","get","get","get","predicates",NA,NA,NA,"no",25
"370","item_434","English (American)","WS","WS","word","action_words","give","give","give","predicates",NA,NA,NA,"no",26
"371","item_435","English (American)","WS","WS","word","action_words","go","go","go","predicates",NA,NA,NA,"no",20
"372","item_436","English (American)","WS","WS","word","action_words","hate","hate","hate","predicates",NA,NA,NA,"no",33
"373","item_437","English (American)","WS","WS","word","action_words","have","have","have","predicates",NA,NA,NA,"no",26
"374","item_438","English (American)","WS","WS","word","action_words","hear","hear","hear","predicates",NA,NA,NA,"no",27
"375","item_439","English (American)","WS","WS","word","action_words","help","help","help","predicates",NA,NA,NA,"no",23
"376","item_44","English (American)","WS","WS","word","animals","pig","pig","pig","nouns",NA,NA,NA,"no",22
"377","item_440","English (American)","WS","WS","word","action_words","hide","hide","hide","predicates",NA,NA,NA,"no",26
"378","item_441","English (American)","WS","WS","word","action_words","hit","hit","hit","predicates",NA,NA,NA,"no",25
"379","item_442","English (American)","WS","WS","word","action_words","hold","hold","hold","predicates",NA,NA,NA,"no",26
"380","item_443","English (American)","WS","WS","word","action_words","hug","hug","hug","predicates",NA,NA,NA,"no",23
"381","item_444","English (American)","WS","WS","word","action_words","hurry","hurry","hurry","predicates",NA,NA,NA,"no",28
"382","item_445","English (American)","WS","WS","word","action_words","jump","jump","jump","predicates",NA,NA,NA,"no",24
"383","item_446","English (American)","WS","WS","word","action_words","kick","kick","kick","predicates",NA,NA,NA,"no",25
"384","item_447","English (American)","WS","WS","word","action_words","kiss","kiss","kiss","predicates",NA,NA,NA,"no",22
"385","item_448","English (American)","WS","WS","word","action_words","knock","knock","knock","predicates",NA,NA,NA,"no",26
"386","item_449","English (American)","WS","WS","word","action_words","lick","lick","lick","predicates",NA,NA,NA,"no",28
"387","item_45","English (American)","WS","WS","word","animals","pony","pony","pony","nouns",NA,NA,NA,"no",28
"388","item_450","English (American)","WS","WS","word","action_words","like","like","like","predicates",NA,NA,NA,"no",26
"389","item_451","English (American)","WS","WS","word","action_words","listen","listen","listen","predicates",NA,NA,NA,"no",28
"390","item_452","English (American)","WS","WS","word","action_words","look","look","look","predicates",NA,NA,NA,"no",25
"391","item_453","English (American)","WS","WS","word","action_words","love","love","love","predicates",NA,NA,NA,"no",24
"392","item_454","English (American)","WS","WS","word","action_words","make","make","make","predicates",NA,NA,NA,"no",27
"393","item_455","English (American)","WS","WS","word","action_words","open","open","open","predicates",NA,NA,NA,"no",23
"394","item_456","English (American)","WS","WS","word","action_words","paint","paint","paint","predicates",NA,NA,NA,"no",27
"395","item_457","English (American)","WS","WS","word","action_words","pick","pick","pick","predicates",NA,NA,NA,"no",28
"396","item_458","English (American)","WS","WS","word","action_words","play","play","play","predicates",NA,NA,NA,"no",23
"397","item_459","English (American)","WS","WS","word","action_words","pour","pour","pour","predicates",NA,NA,NA,"no",28
"398","item_46","English (American)","WS","WS","word","animals","puppy","puppy","puppy","nouns",NA,NA,NA,"no",22
"399","item_460","English (American)","WS","WS","word","action_words","pretend","pretend","pretend","predicates",NA,NA,NA,"no",30
"400","item_461","English (American)","WS","WS","word","action_words","pull","pull","pull","predicates",NA,NA,NA,"no",27
"401","item_462","English (American)","WS","WS","word","action_words","push","push","push","predicates",NA,NA,NA,"no",25
"402","item_463","English (American)","WS","WS","word","action_words","put","put","put","predicates",NA,NA,NA,"no",27
"403","item_464","English (American)","WS","WS","word","action_words","read","read","read","predicates",NA,NA,NA,"no",24
"404","item_465","English (American)","WS","WS","word","action_words","ride","ride","ride","predicates",NA,NA,NA,"no",25
"405","item_466","English (American)","WS","WS","word","action_words","rip","rip","rip","predicates",NA,NA,NA,"no",30
"406","item_467","English (American)","WS","WS","word","action_words","run","run","run","predicates",NA,NA,NA,"no",24
"407","item_468","English (American)","WS","WS","word","action_words","say","say","say","predicates",NA,NA,NA,"no",27
"408","item_469","English (American)","WS","WS","word","action_words","see","see","see","predicates",NA,NA,NA,"no",24
"409","item_47","English (American)","WS","WS","word","animals","rooster","rooster","rooster","nouns",NA,NA,NA,"no",28
"410","item_470","English (American)","WS","WS","word","action_words","shake","shake","shake","predicates",NA,NA,NA,"no",28
"411","item_471","English (American)","WS","WS","word","action_words","share","share","share","predicates",NA,NA,NA,"no",27
"412","item_472","English (American)","WS","WS","word","action_words","show","show","show","predicates",NA,NA,NA,"no",28
"413","item_473","English (American)","WS","WS","word","action_words","sing","sing","sing","predicates",NA,NA,NA,"no",25
"414","item_474","English (American)","WS","WS","word","action_words","sit","sit","sit","predicates",NA,NA,NA,"no",23
"415","item_475","English (American)","WS","WS","word","action_words","skate","skate","skate","predicates",NA,NA,NA,"no",31
"416","item_476","English (American)","WS","WS","word","action_words","sleep","sleep","sleep","predicates",NA,NA,NA,"no",24
"417","item_477","English (American)","WS","WS","word","action_words","slide","slide","slide","predicates",NA,"action",NA,"no",26
"418","item_478","English (American)","WS","WS","word","action_words","smile","smile","smile","predicates",NA,NA,NA,"no",27
"419","item_479","English (American)","WS","WS","word","action_words","spill","spill","spill","predicates",NA,NA,NA,"no",27
"420","item_48","English (American)","WS","WS","word","animals","sheep","sheep","sheep","nouns",NA,NA,NA,"no",24
"421","item_480","English (American)","WS","WS","word","action_words","splash","splash","splash","predicates",NA,NA,NA,"no",26
"422","item_481","English (American)","WS","WS","word","action_words","stand","stand","stand","predicates",NA,NA,NA,"no",27
"423","item_482","English (American)","WS","WS","word","action_words","stay","stay","stay","predicates",NA,NA,NA,"no",27
"424","item_483","English (American)","WS","WS","word","action_words","stop","stop","stop","predicates",NA,NA,NA,"no",23
"425","item_484","English (American)","WS","WS","word","action_words","sweep","sweep","sweep","predicates",NA,NA,NA,"no",27
"426","item_485","English (American)","WS","WS","word","action_words","swim","swim","swim","predicates",NA,NA,NA,"no",26
"427","item_486","English (American)","WS","WS","word","action_words","swing","swing","swing","predicates",NA,"action",NA,"no",25
"428","item_487","English (American)","WS","WS","word","action_words","take","take","take","predicates",NA,NA,NA,"no",27
"429","item_488","English (American)","WS","WS","word","action_words","talk","talk","talk","predicates",NA,NA,NA,"no",27
"430","item_489","English (American)","WS","WS","word","action_words","taste","taste","taste","predicates",NA,NA,NA,"no",28
"431","item_49","English (American)","WS","WS","word","animals","squirrel","squirrel","squirrel","nouns",NA,NA,NA,"no",26
"432","item_490","English (American)","WS","WS","word","action_words","tear","tear","tear","predicates",NA,NA,NA,"no",30
"433","item_491","English (American)","WS","WS","word","action_words","think","think","think","predicates",NA,NA,NA,"no",30
"434","item_492","English (American)","WS","WS","word","action_words","throw","throw","throw","predicates",NA,NA,NA,"no",25
"435","item_493","English (American)","WS","WS","word","action_words","tickle","tickle","tickle","predicates",NA,NA,NA,"no",24
"436","item_494","English (American)","WS","WS","word","action_words","touch","touch","touch","predicates",NA,NA,NA,"no",26
"437","item_495","English (American)","WS","WS","word","action_words","wait","wait","wait","predicates",NA,NA,NA,"no",26
"438","item_496","English (American)","WS","WS","word","action_words","wake","wake","wake","predicates",NA,NA,NA,"no",27
"439","item_497","English (American)","WS","WS","word","action_words","walk","walk","walk","predicates",NA,NA,NA,"no",24
"440","item_498","English (American)","WS","WS","word","action_words","wash","wash","wash","predicates",NA,NA,NA,"no",25
"441","item_499","English (American)","WS","WS","word","action_words","watch","watch","watch","predicates",NA,"action",NA,"no",26
"442","item_5","English (American)","WS","WS","word","sounds","meow","meow","meow","other",NA,NA,NA,"no",17
"443","item_50","English (American)","WS","WS","word","animals","teddybear","teddybear","teddybear","nouns",NA,NA,NA,"no",24
"444","item_500","English (American)","WS","WS","word","action_words","wipe","wipe","wipe","predicates",NA,NA,NA,"no",26
"445","item_501","English (American)","WS","WS","word","action_words","wish","wish","wish","predicates",NA,NA,NA,"no",32
"446","item_502","English (American)","WS","WS","word","action_words","work","work","work","predicates",NA,"action",NA,"no",26
"447","item_503","English (American)","WS","WS","word","action_words","write","write","write","predicates",NA,NA,NA,"no",28
"448","item_504","English (American)","WS","WS","word","descriptive_words","all gone","all gone","all gone","predicates",NA,NA,NA,"yes",20
"449","item_505","English (American)","WS","WS","word","descriptive_words","asleep","asleep","asleep","predicates",NA,NA,NA,"no",26
"450","item_506","English (American)","WS","WS","word","descriptive_words","awake","awake","awake","predicates",NA,NA,NA,"no",26
"451","item_507","English (American)","WS","WS","word","descriptive_words","bad","bad","bad","predicates",NA,NA,NA,"no",26
"452","item_508","English (American)","WS","WS","word","descriptive_words","better","better","better","predicates",NA,NA,NA,"no",28
"453","item_509","English (American)","WS","WS","word","descriptive_words","big","big","big","predicates",NA,NA,NA,"no",23
"454","item_51","English (American)","WS","WS","word","animals","tiger","tiger","tiger","nouns",NA,NA,NA,"no",24
"455","item_510","English (American)","WS","WS","word","descriptive_words","black","black","black","predicates",NA,NA,NA,"no",26
"456","item_511","English (American)","WS","WS","word","descriptive_words","blue","blue","blue","predicates",NA,NA,NA,"no",24
"457","item_512","English (American)","WS","WS","word","descriptive_words","broken","broken","broken","predicates",NA,NA,NA,"no",24
"458","item_513","English (American)","WS","WS","word","descriptive_words","brown","brown","brown","predicates",NA,NA,NA,"no",27
"459","item_514","English (American)","WS","WS","word","descriptive_words","careful","careful","careful","predicates",NA,NA,NA,"no",27
"460","item_515","English (American)","WS","WS","word","descriptive_words","clean","clean","clean","predicates",NA,"description",NA,"no",25
"461","item_516","English (American)","WS","WS","word","descriptive_words","cold","cold","cold","predicates",NA,NA,NA,"no",22
"462","item_517","English (American)","WS","WS","word","descriptive_words","cute","cute","cute","predicates",NA,NA,NA,"no",27
"463","item_518","English (American)","WS","WS","word","descriptive_words","dark","dark","dark","predicates",NA,NA,NA,"no",26
"464","item_519","English (American)","WS","WS","word","descriptive_words","dirty","dirty","dirty","predicates",NA,NA,NA,"no",23
"465","item_52","English (American)","WS","WS","word","animals","turkey","turkey","turkey","nouns",NA,NA,NA,"no",28
"466","item_520","English (American)","WS","WS","word","descriptive_words","dry","dry","dry","predicates",NA,"description",NA,"no",27
"467","item_521","English (American)","WS","WS","word","descriptive_words","empty","empty","empty","predicates",NA,NA,NA,"no",27
"468","item_522","English (American)","WS","WS","word","descriptive_words","fast","fast","fast","predicates",NA,NA,NA,"no",26
"469","item_523","English (American)","WS","WS","word","descriptive_words","fine","fine","fine","predicates",NA,NA,NA,"no",31
"470","item_524","English (American)","WS","WS","word","descriptive_words","first","first","first","predicates",NA,NA,NA,"no",29
"471","item_525","English (American)","WS","WS","word","descriptive_words","full","full","full","predicates",NA,NA,NA,"no",28
"472","item_526","English (American)","WS","WS","word","descriptive_words","gentle","gentle","gentle","predicates",NA,NA,NA,"no",28
"473","item_527","English (American)","WS","WS","word","descriptive_words","good","good","good","predicates",NA,NA,NA,"no",25
"474","item_528","English (American)","WS","WS","word","descriptive_words","green","green","green","predicates",NA,NA,NA,"no",25
"475","item_529","English (American)","WS","WS","word","descriptive_words","happy","happy","happy","predicates",NA,NA,NA,"no",25
"476","item_53","English (American)","WS","WS","word","animals","turtle","turtle","turtle","nouns",NA,NA,NA,"no",23
"477","item_530","English (American)","WS","WS","word","descriptive_words","hard","hard","hard","predicates",NA,NA,NA,"no",28
"478","item_531","English (American)","WS","WS","word","descriptive_words","heavy","heavy","heavy","predicates",NA,NA,NA,"no",26
"479","item_532","English (American)","WS","WS","word","descriptive_words","high","high","high","predicates",NA,NA,NA,"no",27
"480","item_533","English (American)","WS","WS","word","descriptive_words","hot","hot","hot","predicates",NA,NA,NA,"no",19
"481","item_534","English (American)","WS","WS","word","descriptive_words","hungry","hungry","hungry","predicates",NA,NA,NA,"no",25
"482","item_535","English (American)","WS","WS","word","descriptive_words","hurt","hurt","hurt","predicates",NA,NA,NA,"no",25
"483","item_536","English (American)","WS","WS","word","descriptive_words","last","last","last","predicates",NA,NA,NA,"no",31
"484","item_537","English (American)","WS","WS","word","descriptive_words","little","little","little","predicates",NA,"description",NA,"no",26
"485","item_538","English (American)","WS","WS","word","descriptive_words","long","long","long","predicates",NA,NA,NA,"no",30
"486","item_539","English (American)","WS","WS","word","descriptive_words","loud","loud","loud","predicates",NA,NA,NA,"no",27
"487","item_54","English (American)","WS","WS","word","animals","wolf","wolf","wolf","nouns",NA,NA,NA,"no",29
"488","item_540","English (American)","WS","WS","word","descriptive_words","mad","mad","mad","predicates",NA,NA,NA,"no",28
"489","item_541","English (American)","WS","WS","word","descriptive_words","naughty","naughty","naughty","predicates",NA,NA,NA,"no",32
"490","item_542","English (American)","WS","WS","word","descriptive_words","new","new","new","predicates",NA,NA,NA,"no",28
"491","item_543","English (American)","WS","WS","word","descriptive_words","nice","nice","nice","predicates",NA,NA,NA,"no",26
"492","item_544","English (American)","WS","WS","word","descriptive_words","noisy","noisy","noisy","predicates",NA,NA,NA,"no",28
"493","item_545","English (American)","WS","WS","word","descriptive_words","old","old","old","predicates",NA,NA,NA,"no",29
"494","item_546","English (American)","WS","WS","word","descriptive_words","orange","orange","orange","predicates",NA,"description",NA,"no",25
"495","item_547","English (American)","WS","WS","word","descriptive_words","poor","poor","poor","predicates",NA,NA,NA,"no",33
"496","item_548","English (American)","WS","WS","word","descriptive_words","pretty","pretty","pretty","predicates",NA,NA,NA,"no",26
"497","item_549","English (American)","WS","WS","word","descriptive_words","quiet","quiet","quiet","predicates",NA,NA,NA,"no",27
"498","item_55","English (American)","WS","WS","word","animals","zebra","zebra","zebra","nouns",NA,NA,NA,"no",26
"499","item_550","English (American)","WS","WS","word","descriptive_words","red","red","red","predicates",NA,NA,NA,"no",25
"500","item_551","English (American)","WS","WS","word","descriptive_words","sad","sad","sad","predicates",NA,NA,NA,"no",27
"501","item_552","English (American)","WS","WS","word","descriptive_words","scared","scared","scared","predicates",NA,NA,NA,"no",27
"502","item_553","English (American)","WS","WS","word","descriptive_words","sick","sick","sick","predicates",NA,NA,NA,"no",27
"503","item_554","English (American)","WS","WS","word","descriptive_words","sleepy","sleepy","sleepy","predicates",NA,NA,NA,"no",26
"504","item_555","English (American)","WS","WS","word","descriptive_words","slow","slow","slow","predicates",NA,NA,NA,"no",29
"505","item_556","English (American)","WS","WS","word","descriptive_words","soft","soft","soft","predicates",NA,NA,NA,"no",27
"506","item_557","English (American)","WS","WS","word","descriptive_words","sticky","sticky","sticky","predicates",NA,NA,NA,"no",27
"507","item_558","English (American)","WS","WS","word","descriptive_words","stuck","stuck","stuck","predicates",NA,NA,NA,"no",26
"508","item_559","English (American)","WS","WS","word","descriptive_words","thirsty","thirsty","thirsty","predicates",NA,NA,NA,"no",27
"509","item_56","English (American)","WS","WS","word","vehicles","airplane","airplane","airplane","nouns",NA,NA,NA,"no",21
"510","item_560","English (American)","WS","WS","word","descriptive_words","tiny","tiny","tiny","predicates",NA,NA,NA,"no",30
"511","item_561","English (American)","WS","WS","word","descriptive_words","tired","tired","tired","predicates",NA,NA,NA,"no",26
"512","item_562","English (American)","WS","WS","word","descriptive_words","wet","wet","wet","predicates",NA,NA,NA,"no",24
"513","item_563","English (American)","WS","WS","word","descriptive_words","white","white","white","predicates",NA,NA,NA,"no",27
"514","item_564","English (American)","WS","WS","word","descriptive_words","windy","windy","windy","predicates",NA,NA,NA,"no",28
"515","item_565","English (American)","WS","WS","word","descriptive_words","yellow","yellow","yellow","predicates",NA,NA,NA,"no",25
"516","item_566","English (American)","WS","WS","word","descriptive_words","yucky","yucky","yucky","predicates",NA,NA,NA,"no",23
"517","item_567","English (American)","WS","WS","word","time_words","after","after","after","other",NA,NA,NA,"no",29
"518","item_568","English (American)","WS","WS","word","time_words","before","before","before","other",NA,NA,NA,"no",31
"519","item_569","English (American)","WS","WS","word","time_words","day","day","day","other",NA,NA,NA,"no",29
"520","item_57","English (American)","WS","WS","word","vehicles","bicycle","bicycle","bicycle","nouns",NA,NA,NA,"no",23
"521","item_570","English (American)","WS","WS","word","time_words","later","later","later","other",NA,NA,NA,"no",28
"522","item_571","English (American)","WS","WS","word","time_words","morning","morning","morning","other",NA,NA,NA,"no",27
"523","item_572","English (American)","WS","WS","word","time_words","night","night","night","other",NA,NA,NA,"no",25
"524","item_573","English (American)","WS","WS","word","time_words","now","now","now","other",NA,NA,NA,"no",26
"525","item_574","English (American)","WS","WS","word","time_words","time","time","time","other",NA,NA,NA,"no",31
"526","item_575","English (American)","WS","WS","word","time_words","today","today","today","other",NA,NA,NA,"no",29
"527","item_576","English (American)","WS","WS","word","time_words","tomorrow","tomorrow","tomorrow","other",NA,NA,NA,"no",29
"528","item_577","English (American)","WS","WS","word","time_words","tonight","tonight","tonight","other",NA,NA,NA,"no",31
"529","item_578","English (American)","WS","WS","word","time_words","yesterday","yesterday","yesterday","other",NA,NA,NA,"no",32
"530","item_579","English (American)","WS","WS","word","pronouns","he","he","3SG.POSS","function_words",NA,NA,NA,"no",28
"531","item_58","English (American)","WS","WS","word","vehicles","boat","boat","boat","nouns",NA,NA,NA,"no",22
"532","item_580","English (American)","WS","WS","word","pronouns","her","her","3SG.POSS","function_words",NA,NA,NA,"no",30
"533","item_581","English (American)","WS","WS","word","pronouns","hers","hers","3SG.POSS","function_words",NA,NA,NA,"no",31
"534","item_582","English (American)","WS","WS","word","pronouns","him","him","3SG","function_words",NA,NA,NA,"no",30
"535","item_583","English (American)","WS","WS","word","pronouns","his","his","3SG.POSS","function_words",NA,NA,NA,"no",30
"536","item_584","English (American)","WS","WS","word","pronouns","I","I","1SG","function_words",NA,NA,NA,"no",25
"537","item_585","English (American)","WS","WS","word","pronouns","it","it","3SG","function_words",NA,NA,NA,"no",27
"538","item_586","English (American)","WS","WS","word","pronouns","me","me","1SG","function_words",NA,NA,NA,"no",23
"539","item_587","English (American)","WS","WS","word","pronouns","mine","mine","1SG.POSS","function_words",NA,NA,NA,"no",21
"540","item_588","English (American)","WS","WS","word","pronouns","my","my","1SG.POSS","function_words",NA,NA,NA,"no",25
"541","item_589","English (American)","WS","WS","word","pronouns","myself","myself","1SG.REFL","function_words",NA,NA,NA,"no",30
"542","item_59","English (American)","WS","WS","word","vehicles","bus","bus","bus","nouns",NA,NA,NA,"no",22
"543","item_590","English (American)","WS","WS","word","pronouns","our","our","1PL.POSS","function_words",NA,NA,NA,"no",31
"544","item_591","English (American)","WS","WS","word","pronouns","she","she","3SG","function_words",NA,NA,NA,"no",29
"545","item_592","English (American)","WS","WS","word","pronouns","that","that","that","function_words",NA,NA,NA,"no",25
"546","item_593","English (American)","WS","WS","word","pronouns","their","their","3PL.POSS","function_words",NA,NA,NA,"no",32
"547","item_594","English (American)","WS","WS","word","pronouns","them","them","3PL","function_words",NA,NA,NA,"no",31
"548","item_595","English (American)","WS","WS","word","pronouns","these","these","these","function_words",NA,NA,NA,"no",29
"549","item_596","English (American)","WS","WS","word","pronouns","they","they","3PL","function_words",NA,NA,NA,"no",31
"550","item_597","English (American)","WS","WS","word","pronouns","this","this","this","function_words",NA,NA,NA,"no",26
"551","item_598","English (American)","WS","WS","word","pronouns","those","those","those","function_words",NA,NA,NA,"no",30
"552","item_599","English (American)","WS","WS","word","pronouns","us","us","1PL","function_words",NA,NA,NA,"no",32
"553","item_6","English (American)","WS","WS","word","sounds","moo","moo","moo","other",NA,NA,NA,"no",16
"554","item_60","English (American)","WS","WS","word","vehicles","car","car","car","nouns",NA,NA,NA,"no",18
"555","item_600","English (American)","WS","WS","word","pronouns","we","we","1PL","function_words",NA,NA,NA,"no",30
"556","item_601","English (American)","WS","WS","word","pronouns","you","you","2SG","function_words",NA,NA,NA,"no",24
"557","item_602","English (American)","WS","WS","word","pronouns","your","your","2SG.POSS","function_words",NA,NA,NA,"no",29
"558","item_603","English (American)","WS","WS","word","pronouns","yourself","yourself","2SG.REFL","function_words",NA,NA,NA,"no",33
"559","item_604","English (American)","WS","WS","word","question_words","how","how","how","function_words",NA,NA,NA,"no",30
"560","item_605","English (American)","WS","WS","word","question_words","what","what","what","function_words",NA,NA,NA,"no",24
"561","item_606","English (American)","WS","WS","word","question_words","when","when","when","function_words",NA,NA,NA,"no",31
"562","item_607","English (American)","WS","WS","word","question_words","where","where","where","function_words",NA,NA,NA,"no",26
"563","item_608","English (American)","WS","WS","word","question_words","which","which","which","function_words",NA,NA,NA,"no",34
"564","item_609","English (American)","WS","WS","word","question_words","who","who","who","function_words",NA,NA,NA,"no",29
"565","item_61","English (American)","WS","WS","word","vehicles","firetruck","firetruck","firetruck","nouns",NA,NA,NA,"no",25
"566","item_610","English (American)","WS","WS","word","question_words","why","why","why","function_words",NA,NA,NA,"no",28
"567","item_611","English (American)","WS","WS","word","locations","about","about","about","function_words",NA,NA,NA,"no",33
"568","item_612","English (American)","WS","WS","word","locations","above","above","above","function_words",NA,NA,NA,"no",33
"569","item_613","English (American)","WS","WS","word","locations","around","around","around","function_words",NA,NA,NA,"no",30
"570","item_614","English (American)","WS","WS","word","locations","at","at","at","function_words",NA,NA,NA,"no",29
"571","item_615","English (American)","WS","WS","word","locations","away","away","away","function_words",NA,NA,NA,"no",27
"572","item_616","English (American)","WS","WS","word","locations","back","back","back","function_words",NA,NA,NA,"no",27
"573","item_617","English (American)","WS","WS","word","locations","behind","behind","behind","function_words",NA,NA,NA,"no",29
"574","item_618","English (American)","WS","WS","word","locations","beside","beside","beside","function_words",NA,NA,NA,"no",33
"575","item_619","English (American)","WS","WS","word","locations","by","by","by","function_words",NA,NA,NA,"no",29
"576","item_62","English (American)","WS","WS","word","vehicles","helicopter","helicopter","helicopter","nouns",NA,NA,NA,"no",26
"577","item_620","English (American)","WS","WS","word","locations","down","down","down","function_words",NA,NA,NA,"no",21
"578","item_621","English (American)","WS","WS","word","locations","for","for","for","function_words",NA,NA,NA,"no",29
"579","item_622","English (American)","WS","WS","word","locations","here","here","here","function_words",NA,NA,NA,"no",25
"580","item_623","English (American)","WS","WS","word","locations","inside","inside","in","function_words",NA,NA,"in","no",25
"581","item_624","English (American)","WS","WS","word","locations","into","into","into","function_words",NA,NA,NA,"no",31
"582","item_625","English (American)","WS","WS","word","locations","next to","next to","next to","function_words",NA,NA,NA,"yes",30
"583","item_626","English (American)","WS","WS","word","locations","of","of","of","function_words",NA,NA,NA,"no",32
"584","item_627","English (American)","WS","WS","word","locations","off","off","off","function_words",NA,NA,NA,"no",23
"585","item_628","English (American)","WS","WS","word","locations","on","on","on","function_words",NA,NA,NA,"no",23
"586","item_629","English (American)","WS","WS","word","locations","on top of","on top of","on top of","function_words",NA,NA,NA,"yes",29
"587","item_63","English (American)","WS","WS","word","vehicles","motorcycle","motorcycle","motorcycle","nouns",NA,NA,NA,"no",26
"588","item_630","English (American)","WS","WS","word","locations","out","out","out","function_words",NA,NA,NA,"no",23
"589","item_631","English (American)","WS","WS","word","locations","over","over","over","function_words",NA,NA,NA,"no",28
"590","item_632","English (American)","WS","WS","word","locations","there","there","there","function_words",NA,NA,NA,"no",26
"591","item_633","English (American)","WS","WS","word","locations","to","to","to","function_words",NA,NA,NA,"no",28
"592","item_634","English (American)","WS","WS","word","locations","under","under","under","function_words",NA,NA,NA,"no",27
"593","item_635","English (American)","WS","WS","word","locations","up","up","up","function_words",NA,NA,NA,"no",20
"594","item_636","English (American)","WS","WS","word","locations","with","with","with","function_words",NA,NA,NA,"no",28
"595","item_637","English (American)","WS","WS","word","quantifiers","a","a","a","function_words",NA,NA,NA,"no",28
"596","item_638","English (American)","WS","WS","word","quantifiers","all","all","all","function_words",NA,NA,NA,"no",27
"597","item_639","English (American)","WS","WS","word","quantifiers","a lot","a lot","a lot","function_words",NA,NA,NA,"yes",29
"598","item_64","English (American)","WS","WS","word","vehicles","sled","sled","sled","nouns",NA,NA,NA,"no",31
"599","item_640","English (American)","WS","WS","word","quantifiers","an","an","a","function_words",NA,NA,NA,"no",34
"600","item_641","English (American)","WS","WS","word","quantifiers","another","another","another","function_words",NA,NA,NA,"no",29
"601","item_642","English (American)","WS","WS","word","quantifiers","any","any","any","function_words",NA,NA,NA,"no",30
"602","item_643","English (American)","WS","WS","word","quantifiers","each","each","each","function_words",NA,NA,NA,"no",35
"603","item_644","English (American)","WS","WS","word","quantifiers","every","every","every","function_words",NA,NA,NA,"no",32
"604","item_645","English (American)","WS","WS","word","quantifiers","more","more","more","function_words",NA,NA,NA,"no",21
"605","item_646","English (American)","WS","WS","word","quantifiers","much","much","much","function_words",NA,NA,NA,"no",31
"606","item_647","English (American)","WS","WS","word","quantifiers","none","none","none","function_words",NA,NA,NA,"no",31
"607","item_648","English (American)","WS","WS","word","quantifiers","not","not","not","function_words",NA,NA,NA,"no",28
"608","item_649","English (American)","WS","WS","word","quantifiers","other","other","other","function_words",NA,NA,NA,"no",29
"609","item_65","English (American)","WS","WS","word","vehicles","stroller","stroller","stroller","nouns",NA,NA,NA,"no",25
"610","item_650","English (American)","WS","WS","word","quantifiers","same","same","same","function_words",NA,NA,NA,"no",31
"611","item_651","English (American)","WS","WS","word","quantifiers","some","some","some","function_words",NA,NA,NA,"no",27
"612","item_652","English (American)","WS","WS","word","quantifiers","the","the","the","function_words",NA,NA,NA,"no",28
"613","item_653","English (American)","WS","WS","word","quantifiers","too","too","too","function_words",NA,NA,NA,"no",27
"614","item_654","English (American)","WS","WS","word","helping_verbs","am","am","am","function_words",NA,NA,NA,"no",29
"615","item_655","English (American)","WS","WS","word","helping_verbs","are","are","are","function_words",NA,NA,NA,"no",30
"616","item_656","English (American)","WS","WS","word","helping_verbs","be","be","be","function_words",NA,NA,NA,"no",31
"617","item_657","English (American)","WS","WS","word","helping_verbs","can","can","can","function_words",NA,"auxiliary",NA,"no",28
"618","item_658","English (American)","WS","WS","word","helping_verbs","could","could","could","function_words",NA,NA,NA,"no",33
"619","item_659","English (American)","WS","WS","word","helping_verbs","did","did","did","function_words",NA,NA,"did ya","no",29
"620","item_66","English (American)","WS","WS","word","vehicles","tractor","tractor","tractor","nouns",NA,NA,NA,"no",26
"621","item_660","English (American)","WS","WS","word","helping_verbs","do","do","do","function_words",NA,NA,NA,"no",26
"622","item_661","English (American)","WS","WS","word","helping_verbs","does","does","does","function_words",NA,NA,NA,"no",31
"623","item_662","English (American)","WS","WS","word","helping_verbs","don't","don't","don't","function_words",NA,NA,NA,"no",27
"624","item_663","English (American)","WS","WS","word","helping_verbs","gonna","gonna","gonna","function_words",NA,NA,"going to","no",28
"625","item_664","English (American)","WS","WS","word","helping_verbs","gotta","gotta","gotta","function_words",NA,NA,"got to","no",31
"626","item_665","English (American)","WS","WS","word","helping_verbs","hafta","hafta","have to","function_words",NA,NA,"have to","no",29
"627","item_666","English (American)","WS","WS","word","helping_verbs","is","is","is","function_words",NA,NA,NA,"no",28
"628","item_667","English (American)","WS","WS","word","helping_verbs","lemme","lemme","lemme","function_words",NA,NA,"let me","no",27
"629","item_668","English (American)","WS","WS","word","helping_verbs","need","need","need","function_words",NA,NA,"need to","no",28
"630","item_669","English (American)","WS","WS","word","helping_verbs","try","try","try","function_words",NA,NA,"try to","no",28
"631","item_67","English (American)","WS","WS","word","vehicles","train","train","train","nouns",NA,NA,NA,"no",22
"632","item_670","English (American)","WS","WS","word","helping_verbs","wanna","wanna","wanna","function_words",NA,NA,"want to","no",25
"633","item_671","English (American)","WS","WS","word","helping_verbs","was","was","was","function_words",NA,NA,NA,"no",31
"634","item_672","English (American)","WS","WS","word","helping_verbs","were","were","were","function_words",NA,NA,NA,"no",33
"635","item_673","English (American)","WS","WS","word","helping_verbs","will","will","will","function_words",NA,NA,NA,"no",31
"636","item_674","English (American)","WS","WS","word","helping_verbs","would","would","would","function_words",NA,NA,NA,"no",34
"637","item_675","English (American)","WS","WS","word","connecting_words","and","and","and","function_words",NA,NA,NA,"no",27
"638","item_676","English (American)","WS","WS","word","connecting_words","because","because","because","function_words",NA,NA,NA,"no",31
"639","item_677","English (American)","WS","WS","word","connecting_words","but","but","but","function_words",NA,NA,NA,"no",32
"640","item_678","English (American)","WS","WS","word","connecting_words","if","if","if","function_words",NA,NA,NA,"no",34
"641","item_679","English (American)","WS","WS","word","connecting_words","so","so","so","function_words",NA,NA,NA,"no",32
"642","item_68","English (American)","WS","WS","word","vehicles","tricycle","tricycle","tricycle","nouns",NA,NA,NA,"no",30
"643","item_680","English (American)","WS","WS","word","connecting_words","then","then","then","function_words",NA,NA,NA,"no",32
"644","item_69","English (American)","WS","WS","word","vehicles","truck","truck","truck","nouns",NA,NA,NA,"no",20
"645","item_7","English (American)","WS","WS","word","sounds","ouch","ouch","ouch","other",NA,NA,NA,"no",18
"646","item_70","English (American)","WS","WS","word","toys","ball","ball","ball","nouns",NA,NA,NA,"no",11
"647","item_71","English (American)","WS","WS","word","toys","balloon","balloon","balloon","nouns",NA,NA,NA,"no",19
"648","item_72","English (American)","WS","WS","word","toys","bat","bat","bat","nouns",NA,NA,NA,"no",27
"649","item_73","English (American)","WS","WS","word","toys","block","block","blocks","nouns",NA,NA,NA,"no",23
"650","item_74","English (American)","WS","WS","word","toys","book","book","book","nouns",NA,NA,NA,"no",16
"651","item_75","English (American)","WS","WS","word","toys","bubbles","bubbles","bubbles","nouns",NA,NA,NA,"no",19
"652","item_76","English (American)","WS","WS","word","toys","chalk","chalk","chalk","nouns",NA,NA,NA,"no",27
"653","item_77","English (American)","WS","WS","word","toys","crayon","crayon","crayon","nouns",NA,NA,NA,"no",24
"654","item_78","English (American)","WS","WS","word","toys","doll","doll","doll","nouns",NA,NA,NA,"no",23
"655","item_79","English (American)","WS","WS","word","toys","game","game","game","nouns",NA,NA,NA,"no",27
"656","item_8","English (American)","WS","WS","word","sounds","quack quack","quack quack","quack quack","other",NA,NA,NA,"yes",18
"657","item_80","English (American)","WS","WS","word","toys","glue","glue","glue","nouns",NA,NA,NA,"no",29
"658","item_81","English (American)","WS","WS","word","toys","pen","pen","pen","nouns",NA,NA,NA,"no",25
"659","item_82","English (American)","WS","WS","word","toys","pencil","pencil","pencil","nouns",NA,NA,NA,"no",26
"660","item_83","English (American)","WS","WS","word","toys","play dough","play dough","play dough","nouns",NA,NA,NA,"yes",27
"661","item_84","English (American)","WS","WS","word","toys","present","present","present","nouns",NA,NA,NA,"no",26
"662","item_85","English (American)","WS","WS","word","toys","puzzle","puzzle","puzzle","nouns",NA,NA,NA,"no",25
"663","item_86","English (American)","WS","WS","word","toys","story","story","story","nouns",NA,NA,NA,"no",25
"664","item_87","English (American)","WS","WS","word","toys","toy","toy","toy","nouns",NA,"object",NA,"no",22
"665","item_88","English (American)","WS","WS","word","food_drink","apple","apple","apple","nouns",NA,NA,NA,"no",19
"666","item_89","English (American)","WS","WS","word","food_drink","applesauce","applesauce","applesauce","nouns",NA,NA,NA,"no",26
"667","item_9","English (American)","WS","WS","word","sounds","uh oh","uh oh","uh oh","other",NA,NA,NA,"yes",9
"668","item_90","English (American)","WS","WS","word","food_drink","banana","banana","banana","nouns",NA,NA,NA,"no",17
"669","item_91","English (American)","WS","WS","word","food_drink","beans","beans","beans","nouns",NA,NA,NA,"no",26
"670","item_92","English (American)","WS","WS","word","food_drink","bread","bread","bread","nouns",NA,NA,NA,"no",23
"671","item_93","English (American)","WS","WS","word","food_drink","butter","butter","butter","nouns",NA,NA,NA,"no",26
"672","item_94","English (American)","WS","WS","word","food_drink","cake","cake","cake","nouns",NA,NA,NA,"no",23
"673","item_95","English (American)","WS","WS","word","food_drink","candy","candy","candy","nouns",NA,NA,NA,"no",24
"674","item_96","English (American)","WS","WS","word","food_drink","carrots","carrots","carrot","nouns",NA,NA,NA,"no",24
"675","item_97","English (American)","WS","WS","word","food_drink","cereal","cereal","cereal","nouns",NA,NA,NA,"no",23
"676","item_98","English (American)","WS","WS","word","food_drink","cheerios","cheerios","cheerios","nouns",NA,NA,NA,"no",25
"677","item_99","English (American)","WS","WS","word","food_drink","cheese","cheese","cheese","nouns",NA,NA,NA,"no",19
